-- delete from Election_session;
-- delete from Users;

-- Users table
INSERT INTO users (id, username, nickname)
VALUES (1, 'user1', 'nickname1'),
       (2, 'user2', 'nickname2'),
       (3, 'user3', 'nickname3'),
       (4, 'user4', 'nickname4'),
       (5, 'user5', 'nickname5');
ALTER TABLE users ALTER COLUMN id INT GENERATED BY DEFAULT AS IDENTITY (START WITH 6);

-- Election_session table
INSERT INTO election_session (id, host_id, qr_code, session_name, whole_voter, voted_voter,
                              entrance_question, entrance_answer, session_start_time,
                              vote_start_time, vote_end_time)
VALUES (1, 1, 'QR_CODE_1', 'Session 1', 100, 50, 'Question 1', 'Answer 1', '2023-01-01 10:00:00',
        '2023-01-01 11:00:00', '2023-01-01 12:00:00'),
       (2, 2, 'QR_CODE_2', 'Session 2', 200, 150, 'Question 2', 'Answer 2', '2023-02-01 10:00:00',
        '2023-02-01 11:00:00', '2023-02-01 12:00:00'),
       (3, 2, 'QR003', '12대 총학생회 선거', 100, 0, '우리학교 이름은?', 'SSAFY 중학교', '2025-02-11 13:00:00',
        '2025-02-11 13:00:00', '2025-02-25 13:00:00');
-- ALTER TABLE election_session ALTER COLUMN id RESTART WITH 3;
ALTER TABLE election_session ALTER COLUMN id INT GENERATED BY DEFAULT AS IDENTITY (START WITH 4);

-- Vote Table
insert into vote (id, session_id, vote_name)
values (1, 1, 'test'),
       (2, 1, 'test2'),
       (3, 3, '학생회장 선거'),
       (4, 3, '부학생회장 선거');
ALTER TABLE vote ALTER COLUMN id INT GENERATED BY DEFAULT AS IDENTITY (START WITH 5);

-- Vote_team table
insert into vote_team (id, vote_id, poll_cnt, candidate_statement, poster, prefix)
values (1, 1, 0, 'statement1', 'poster1', 'prefix1'),
       (2, 1, 0, 'statement2', 'poster2', 'prefix2');
ALTER TABLE vote_team ALTER COLUMN id INT GENERATED BY DEFAULT AS IDENTITY (START WITH 9);

-- Session_user_info table
insert into session_user_info (id, user_id, session_id)
values (1, 1, 1),
       (2, 2, 1),
       (3, 3, 1),
       (4, 4, 1),
       (5, 5, 1),
       (6, 1, 2),
       (7, 2, 2),
       (8, 3, 2);
ALTER TABLE session_user_info ALTER COLUMN id INT GENERATED BY DEFAULT AS IDENTITY (START WITH 9);

-- Vote_info table
insert into vote_info (id, user_id, vote_id, user_type, has_select)
values (1, 1, 1, 'CANDIDATE', false),
       (2, 2, 1, 'CANDIDATE', false),
       (3, 3, 1, 'CANDIDATE', false),
       (4, 4, 1, 'VOTER', false),
       (5, 5, 1, 'VOTER', false),
       (6, 1, 2, 'VOTER', false),
       (7, 2, 2, 'VOTER', false),
       (8, 3, 2, 'VOTER', false);
ALTER TABLE vote_info ALTER COLUMN id INT GENERATED BY DEFAULT AS IDENTITY (START WITH 9);

-- Candidate Table
insert into candidate (id, user_id, vote_team_id)
values
    (1, 2, 1),
    (2, 3, 2),
    (3, 1, 2);
ALTER TABLE candidate ALTER COLUMN id INT GENERATED BY DEFAULT AS IDENTITY (START WITH 4);

-- Pledge table
insert into pledge (id, vote_team_id, content)
values (1, 1, 'content1'),
       (2, 1, 'content2'),
       (3, 1, 'content3');
ALTER TABLE pledge ALTER COLUMN id INT GENERATED BY DEFAULT AS IDENTITY (START WITH 4);


-- STREAM --
-- insert into stream values(false, 1, 'http://i12b102.p.ssafy.io:8050/hls/1.m3u8');