-- delete from Election_session;
-- delete from Users;

-- Users table
INSERT INTO users (id, username, nickname, kakao_id)
VALUES (1, 'user1', 'nickname1', 1),
       (2, 'user2', 'nickname2', 2),
       (3, 'user3', 'nickname3', 3),
       (4, 'user4', 'nickname4', 4),
       (5, 'user5', 'nickname5', 5);
ALTER TABLE users ALTER COLUMN id INT GENERATED BY DEFAULT AS IDENTITY (START WITH 6);

-- Election_session table
INSERT INTO election_session (id, host_id, qr_code, session_name, whole_voter, voted_voter,
                              entrance_question, entrance_answer, session_start_time,
                              vote_start_time, vote_end_time)
VALUES (1, 1, 'QR_CODE_1', 'Session 1', 100, 50, 'Question 1', 'Answer 1', '2023-01-01 10:00:00',
        '2023-01-01 11:00:00', '2023-01-01 12:00:00'),
       (2, 2, 'QR_CODE_2', 'Session 2', 200, 150, 'Question 2', 'Answer 2', '2023-02-01 10:00:00',
        '2023-02-01 11:00:00', '2023-02-01 12:00:00');
ALTER TABLE election_session ALTER COLUMN id INT GENERATED BY DEFAULT AS IDENTITY (START WITH 3);

-- Vote Table
insert into vote (id, session_id, vote_name)
values (1, 1, 'test'),
       (2, 1, 'test2');
ALTER TABLE vote ALTER COLUMN id INT GENERATED BY DEFAULT AS IDENTITY (START WITH 3);

-- Vote_team table
insert into vote_team (id, vote_id, poll_cnt, candidate_statement, poster, prefix)
values (1, 1, 0, 'statement1', 'poster1', 'prefix1'),
       (2, 1, 0, 'statement2', 'poster2', 'prefix2');
ALTER TABLE vote_team ALTER COLUMN id INT GENERATED BY DEFAULT AS IDENTITY (START WITH 3);

-- Session_user_info table
insert into session_user_info (id, user_id, session_id)
values (1, 1, 1),
       (2, 2, 1),
       (3, 3, 1),
       (4, 4, 1),
       (5, 5, 1),
       (6, 1, 2),
       (7, 2, 2),
       (8, 3, 2);
ALTER TABLE session_user_info ALTER COLUMN id INT GENERATED BY DEFAULT AS IDENTITY (START WITH 9);

-- Vote_info table
insert into vote_info (id, user_id, vote_id, user_type, has_select)
values (1, 1, 1, 'CANDIDATE', false),
       (2, 2, 1, 'CANDIDATE', false),
       (3, 3, 1, 'CANDIDATE', false),
       (4, 4, 1, 'VOTER', false),
       (5, 5, 1, 'VOTER', false),
       (6, 1, 2, 'VOTER', false),
       (7, 2, 2, 'VOTER', false),
       (8, 3, 2, 'VOTER', false);
ALTER TABLE vote_info ALTER COLUMN id INT GENERATED BY DEFAULT AS IDENTITY (START WITH 9);

-- Candidate Table
insert into candidate (id, user_id, vote_team_id)
values
    (1, 2, 1),
    (2, 3, 2),
    (3, 1, 2);
ALTER TABLE candidate ALTER COLUMN id INT GENERATED BY DEFAULT AS IDENTITY (START WITH 4);

-- Pledge table
insert into pledge (id, vote_team_id, content)
values (1, 1, 'content1'),
       (2, 1, 'content2'),
       (3, 1, 'content3')
;
ALTER TABLE pledge ALTER COLUMN id INT GENERATED BY DEFAULT AS IDENTITY (START WITH 4);

-- Animal Table
INSERT INTO Animal (id, animal_name) VALUES (1, '사자');
INSERT INTO Animal (id, animal_name) VALUES (2, '호랑이');
INSERT INTO Animal (id, animal_name) VALUES (3, '코끼리');
INSERT INTO Animal (id, animal_name) VALUES (4, '기린');
INSERT INTO Animal (id, animal_name) VALUES (5, '여우');
INSERT INTO Animal (id, animal_name) VALUES (6, '늑대');
INSERT INTO Animal (id, animal_name) VALUES (7, '판다');
INSERT INTO Animal (id, animal_name) VALUES (8, '캥거루');
INSERT INTO Animal (id, animal_name) VALUES (9, '고양이');
INSERT INTO Animal (id, animal_name) VALUES (10, '강아지');
INSERT INTO Animal (id, animal_name) VALUES (11, '곰');
INSERT INTO Animal (id, animal_name) VALUES (12, '치타');
INSERT INTO Animal (id, animal_name) VALUES (13, '다람쥐');
INSERT INTO Animal (id, animal_name) VALUES (14, '토끼');
INSERT INTO Animal (id, animal_name) VALUES (15, '오리');
INSERT INTO Animal (id, animal_name) VALUES (16, '독수리');
INSERT INTO Animal (id, animal_name) VALUES (17, '부엉이');
INSERT INTO Animal (id, animal_name) VALUES (18, '참새');
INSERT INTO Animal (id, animal_name) VALUES (19, '까마귀');
INSERT INTO Animal (id, animal_name) VALUES (20, '돼지');
INSERT INTO Animal (id, animal_name) VALUES (21, '닭');
INSERT INTO Animal (id, animal_name) VALUES (22, '양');
INSERT INTO Animal (id, animal_name) VALUES (23, '염소');
INSERT INTO Animal (id, animal_name) VALUES (24, '소');
INSERT INTO Animal (id, animal_name) VALUES (25, '말');
INSERT INTO Animal (id, animal_name) VALUES (26, '고래');
INSERT INTO Animal (id, animal_name) VALUES (27, '돌고래');
INSERT INTO Animal (id, animal_name) VALUES (28, '상어');
INSERT INTO Animal (id, animal_name) VALUES (29,'문어');
INSERT INTO Animal (id, animal_name) VALUES (30, '코알라');
INSERT INTO Animal (id, animal_name) VALUES (31, '하마');
INSERT INTO Animal (id, animal_name) VALUES (32, '악어');
INSERT INTO Animal (id, animal_name) VALUES (33, '오랑우탄');
INSERT INTO Animal (id, animal_name) VALUES (34, '고슴도치');
INSERT INTO Animal (id, animal_name) VALUES (35, '말미잘');
INSERT INTO Animal (id, animal_name) VALUES (36, '해파리');
INSERT INTO Animal (id, animal_name) VALUES (37, '복어');
INSERT INTO Animal (id, animal_name) VALUES (38, '미어캣');
INSERT INTO Animal (id, animal_name) VALUES (39, '스컹크');
INSERT INTO Animal (id, animal_name) VALUES (40, '두더지');
INSERT INTO Animal (id, animal_name) VALUES (41, '개구리');
INSERT INTO Animal (id, animal_name) VALUES (42, '물개');
INSERT INTO Animal (id, animal_name) VALUES (43, '펭귄');
INSERT INTO Animal (id, animal_name) VALUES (44, '타조');
INSERT INTO Animal (id, animal_name) VALUES (45, '물소');
INSERT INTO Animal (id, animal_name) VALUES (46, '카멜레온');
INSERT INTO Animal (id, animal_name) VALUES (47, '앵무새');
INSERT INTO Animal (id, animal_name) VALUES (48, '비버');
INSERT INTO Animal (id, animal_name) VALUES (49, '플라밍고');
INSERT INTO Animal (id, animal_name) VALUES (50, '나비');

-- Status table
INSERT INTO Attribute (id, describing) VALUES (1, '활발한');
INSERT INTO Attribute (id, describing) VALUES (2, '조용한');
INSERT INTO Attribute (id, describing) VALUES (3, '날렵한');
INSERT INTO Attribute (id, describing) VALUES (4, '느긋한');
INSERT INTO Attribute (id, describing) VALUES (5, '영리한');
INSERT INTO Attribute (id, describing) VALUES (6, '강인한');
INSERT INTO Attribute (id, describing) VALUES (7, '귀여운');
INSERT INTO Attribute (id, describing) VALUES (8, '호기심 많은');
INSERT INTO Attribute (id, describing) VALUES (9, '침착한');
INSERT INTO Attribute (id, describing) VALUES (10, '용감한');
INSERT INTO Attribute (id, describing) VALUES (11, '민첩한');
INSERT INTO Attribute (id, describing) VALUES (12, '우아한');
INSERT INTO Attribute (id, describing) VALUES (13, '사나운');
INSERT INTO Attribute (id, describing) VALUES (14, '평화로운');
INSERT INTO Attribute (id, describing) VALUES (15, '똑똑한');
INSERT INTO Attribute (id, describing) VALUES (16, '장난스러운');
INSERT INTO Attribute (id, describing) VALUES (17, '온순한');
INSERT INTO Attribute (id, describing) VALUES (18, '끈질긴');
INSERT INTO Attribute (id, describing) VALUES (19, '강렬한');
INSERT INTO Attribute (id, describing) VALUES (20, '예민한');
INSERT INTO Attribute (id, describing) VALUES (21, '활기찬');
INSERT INTO Attribute (id, describing) VALUES (22, '고요한');
INSERT INTO Attribute (id, describing) VALUES (23, '튼튼한');
INSERT INTO Attribute (id, describing) VALUES (24, '재빠른');
INSERT INTO Attribute (id, describing) VALUES (25, '유연한');
INSERT INTO Attribute (id, describing) VALUES (26, '거대한');
INSERT INTO Attribute (id, describing) VALUES (27, '작은');
INSERT INTO Attribute (id, describing) VALUES (28, '느린');
INSERT INTO Attribute (id, describing) VALUES (29,'영롱한');
INSERT INTO Attribute(id ,describing )VALUES(30,'화려한');
INSERT INTO Attribute(id ,describing )VALUES(31,'힘센');
INSERT INTO Attribute(id ,describing )VALUES(32,'부드러운');
INSERT INTO Attribute(id ,describing )VALUES(33,'차가운');
INSERT INTO Attribute(id ,describing )VALUES(34,'따뜻한');
INSERT INTO Attribute(id ,describing )VALUES(35,'무서운');
INSERT INTO Attribute(id ,describing )VALUES(36,'사랑스러운');
INSERT INTO Attribute(id ,describing )VALUES(37,'영웅적인');
INSERT INTO Attribute(id ,describing )VALUES(38,'친근한');
INSERT INTO Attribute(id ,describing )VALUES(39,'신비로운');
INSERT INTO Attribute(id ,describing )VALUES(40,'매혹적인');
INSERT INTO Attribute(id ,describing )VALUES(41,'단단한');
INSERT INTO Attribute(id ,describing )VALUES(42,'섬세한');
INSERT INTO Attribute(id ,describing )VALUES(43,'정직한');
INSERT INTO Attribute(id ,describing )VALUES(44,'우스꽝스러운');
INSERT INTO Attribute(id ,describing )VALUES(45,'풍부한');
INSERT INTO Attribute(id ,describing )VALUES(46,'독특한');
INSERT INTO Attribute(id ,describing )VALUES(47,'탄력적인');
INSERT INTO Attribute(id ,describing )VALUES(48,'미끄러운');
INSERT INTO Attribute(id ,describing )VALUES(49,'활기넘치는');
INSERT INTO Attribute(id ,describing )VALUES(50,'대담한');
