
-- USERS --
INSERT INTO users (id, kakao_id, username, nickname) VALUES
(1, 1, '강성엽', '날렵한 사자'),
(2, 2, '김선명', '활발한 호랑이'),
(3, 3, '황연주', '영리한 판다'),
(4, 4, '최효재', '우아한 독수리'),
(5, 5, '이동영', '강인한 늑대'),
(6, 6, '황규현', '귀여운 토끼'),
(7, 7, '김도윤', '신비로운 코끼리'),
(8, 8, '이지훈', '장난스러운 여우'),
(9, 9, '박서준', '똑똑한 돌고래'),
(10, 10, '정우진', '용감한 치타'),
(11, 11, '강민서', '민첩한 캥거루'),
(12, 12, '임현우', '화려한 공작새'),
(13, 13, '송지원', '온순한 고양이'),
(14, 14, '한승우', '침착한 강아지'),
(15, 15, '류준호', '힘센 곰'),
(16, 16, '오세준', '재빠른 다람쥐'),
(17, 17, '신동현', '고요한 부엉이'),
(18, 18, '권지호', '활기찬 참새'),
(19, 19, '배현준', '영웅적인 독수리'),
(20, 20, '조민재', '친근한 돼지'),
(21, 21, '윤서진', '튼튼한 말'),
(22, 22, '추성민', '우아한 기린'),
(23, 23, '구자민', '영리한 고래'),
(24, 24, '남기태', '대담한 상어'),
(25, 25, '문세진', '유연한 문어'),
(26, 26, '변우석', '거대한 코알라'),
(27, 27, '서재원', '작은 하마'),
(28, 28, '안준영', '느린 악어'),
(29, 29, '양현석', '영롱한 오랑우탄'),
(30, 30, '유재석', '화려한 고슴도치'),
(31, 31, '이태민', '힘센 말미잘'),
(32, 32, '임재현', '부드러운 해파리'),
(33, 33, '장민수', '차가운 복어'),
(34, 34, '전지후', '따뜻한 미어캣'),
(35, 35, '정도현', '무서운 스컹크'),
(36, 36, '조성우', '사랑스러운 두더지'),
(37, 37, '최준서', '영웅적인 개구리'),
(38, 38, '한지민', '친근한 물개'),
(39, 39, '홍준호', '신비로운 펭귄'),
(40, 40, '황민준', '매혹적인 타조'),
(41, 41, '강지원', '단단한 물소'),
(42, 42, '고동현', '섬세한 카멜레온'),
(43, 43, '구민재', '정직한 앵무새'),
(44, 44, '김태현', '우스꽝스러운 비버'),
(45, 45, '나현우', '풍부한 플라밍고'),
(46, 46, '도민준', '독특한 나비'),
(47, 47, '류지호', '탄력적인 사자'),
(48, 48, '문준혁', '미끄러운 호랑이'),
(49, 49, '박도현', '활기넘치는 코끼리'),
(50, 50, '배성준', '대담한 기린'),
(51, 51, '서유진', '활발한 여우'),
(52, 52, '손민호', '조용한 늑대'),
(53, 53, '신우진', '날렵한 판다'),
(54, 54, '안성민', '느긋한 캥거루'),
(55, 55, '양준서', '영리한 고양이'),
(56, 56, '오승우', '강인한 강아지'),
(57, 57, '우지훈', '귀여운 곰'),
(58, 58, '유재민', '호기심많은 치타'),
(59, 59, '윤도현', '침착한 다람쥐'),
(60, 60, '이민우', '용감한 토끼'),
(61, 61, '임서준', '민첩한 오리'),
(62, 62, '장우진', '우아한 독수리'),
(63, 63, '전현우', '사나운 부엉이'),
(64, 64, '정민재', '평화로운 참새'),
(65, 65, '조성민', '똑똑한 까마귀'),
(66, 66, '진우석', '장난스러운 돼지'),
(67, 67, '채승우', '온순한 닭'),
(68, 68, '최지호', '끈질긴 양'),
(69, 69, '한도윤', '강렬한 염소'),
(70, 70, '홍지훈', '예민한 소'),
(71, 71, '황서진', '활기찬 말'),
(72, 72, '강동현', '고요한 고래'),
(73, 73, '고민준', '튼튼한 돌고래'),
(74, 74, '구성민', '재빠른 상어'),
(75, 75, '김준호', '유연한 문어'),
(76, 76, '나승우', '거대한 코알라'),
(77, 77, '도현우', '작은 하마'),
(78, 78, '류민호', '느린 악어'),
(79, 79, '문지원', '영롱한 오랑우탄'),
(80, 80, '박준서', '화려한 고슴도치'),
(81, 81, '배동현', '힘센 말미잘'),
(82, 82, '서민재', '부드러운 해파리'),
(83, 83, '손우진', '차가운 복어'),
(84, 84, '신성민', '따뜻한 미어캣'),
(85, 85, '안지후', '무서운 스컹크'),
(86, 86, '양도현', '사랑스러운 두더지'),
(87, 87, '오민준', '영웅적인 개구리'),
(88, 88, '우성우', '친근한 물개'),
(89, 89, '유지민', '신비로운 펭귄'),
(90, 90, '윤준호', '매혹적인 타조'),
(91, 91, '이현우', '단단한 물소'),
(92, 92, '임지훈', '섬세한 카멜레온'),
(93, 93, '장서준', '정직한 앵무새'),
(94, 94, '전민재', '우스꽝스러운 비버'),
(95, 95, '정우석', '풍부한 플라밍고'),
(96, 96, '조승우', '독특한 나비'),
(97, 97, '진현우', '탄력적인 사자'),
(98, 98, '채지호', '미끄러운 호랑이'),
(99, 99, '최도현', '활기넘치는 코끼리'),
(100, 100, '한우진', '대담한 기린');


INSERT INTO election_session (id, host_id, qr_code, session_name, whole_voter, voted_voter,
entrance_question, entrance_answer, session_start_time,
vote_start_time, vote_end_time) VALUES 
(1, 100, 'QR_CODE_1', '싸피 1반 2조 최고의 프론트엔트, 백엔드를 뽑아라', 50, 0, '당신이 속한 싸피 반은', '1', '2025-01-01 10:00:00',
        '2025-02-13 11:00:00', '2025-03-01 17:00:00'),
(2, 99, 'QR_CODE_2', '싸피중학교 12대 총학생회 선거', 100, 0, '우리학교 이름은?', 'SSAFY 중학교', '2025-02-01 10:00:00',
        '2025-02-13 11:00:00', '2025-03-01 17:00:00'),
(3, 98, 'QR003', 'TEST 선거', 100, 0, '우리학교 이름은?', 'SSAFY 중학교', '2025-02-11 15:45:00',
        '2025-02-13 15:45:00', '2025-02-14 17:50:00');

-- SESSION_USER_INFO --
INSERT INTO session_user_info (session_id, user_id) VALUES
(1, 1),
(1, 2),
(1, 3),
(1, 4),
(1, 5),
(1, 6),
(1, 7),
(1, 8),
(1, 9),
(1, 10),
(1, 11),
(1, 12),
(1, 13),
(1, 14),
(1, 15),
(1, 16),
(1, 17),
(1, 18),
(1, 19),
(1, 20),
(1, 21),
(1, 22),
(1, 23),
(1, 24),
(1, 25),
(1, 26),
(1, 27),
(1, 28),
(1, 29),
(1, 30),
(1, 31),
(1, 32),
(1, 33),
(1, 34),
(1, 35),
(1, 36),
(1, 37),
(1, 38),
(1, 39),
(1, 40),
(1, 41),
(1, 42),
(1, 43),
(1, 44),
(1, 45),
(1, 46),
(1, 47),
(1, 48),
(1, 49),
(1, 50),
(2, 1),
(2, 2),
(2, 3),
(2, 4),
(2, 5),
(2, 6),
(2, 7),
(2, 8),
(2, 9),
(2, 10),
(2, 11),
(2, 12),
(2, 13),
(2, 14),
(2, 15),
(2, 16),
(2, 17),
(2, 18),
(2, 19),
(2, 20),
(2, 21),
(2, 22),
(2, 23),
(2, 24),
(2, 25),
(2, 26),
(2, 27),
(2, 28),
(2, 29),
(2, 30),
(2, 31),
(2, 32),
(2, 33),
(2, 34),
(2, 35),
(2, 36),
(2, 37),
(2, 38),
(2, 39),
(2, 40),
(2, 41),
(2, 42),
(2, 43),
(2, 44),
(2, 45),
(2, 46),
(2, 47),
(2, 48),
(2, 49),
(2, 50),
(2, 51),
(2, 52),
(2, 53),
(2, 54),
(2, 55),
(2, 56),
(2, 57),
(2, 58),
(2, 59),
(2, 60),
(2, 61),
(2, 62),
(2, 63),
(2, 64),
(2, 65),
(2, 66),
(2, 67),
(2, 68),
(2, 69),
(2, 70),
(2, 71),
(2, 72),
(2, 73),
(2, 74),
(2, 75),
(2, 76),
(2, 77),
(2, 78),
(2, 79),
(2, 80),
(2, 81),
(2, 82),
(2, 83),
(2, 84),
(2, 85),
(2, 86),
(2, 87),
(2, 88),
(2, 89),
(2, 90),
(2, 91),
(2, 92),
(2, 93),
(2, 94),
(2, 95),
(2, 96),
(2, 97),
(2, 98),
(2, 99),
(2, 100),
(3, 1),
(3, 2),
(3, 3),
(3, 4),
(3, 5),
(3, 6),
(3, 7),
(3, 8),
(3, 9),
(3, 10),
(3, 11),
(3, 12),
(3, 13),
(3, 14),
(3, 15),
(3, 16),
(3, 17),
(3, 18),
(3, 19),
(3, 20),
(3, 21),
(3, 22),
(3, 23),
(3, 24),
(3, 25),
(3, 26),
(3, 27),
(3, 28),
(3, 29),
(3, 30),
(3, 31),
(3, 32),
(3, 33),
(3, 34),
(3, 35),
(3, 36),
(3, 37),
(3, 38),
(3, 39),
(3, 40),
(3, 41),
(3, 42),
(3, 43),
(3, 44),
(3, 45),
(3, 46),
(3, 47),
(3, 48),
(3, 49),
(3, 50),
(3, 51),
(3, 52),
(3, 53),
(3, 54),
(3, 55),
(3, 56),
(3, 57),
(3, 58),
(3, 59),
(3, 60),
(3, 61),
(3, 62),
(3, 63),
(3, 64),
(3, 65),
(3, 66),
(3, 67),
(3, 68),
(3, 69),
(3, 70),
(3, 71),
(3, 72),
(3, 73),
(3, 74),
(3, 75),
(3, 76),
(3, 77),
(3, 78),
(3, 79),
(3, 80),
(3, 81),
(3, 82),
(3, 83),
(3, 84),
(3, 85),
(3, 86),
(3, 87),
(3, 88),
(3, 89),
(3, 90),
(3, 91),
(3, 92),
(3, 93),
(3, 94),
(3, 95),
(3, 96),
(3, 97),
(3, 98),
(3, 99),
(3, 100);


-- VOTE --
INSERT INTO vote (id, session_id, vote_name) VALUES
(1, 1, '프론트엔드'),
(2, 1, '백엔드'),
(3, 2, '회장'),
(4, 2, '부회장'),
(5, 3, 'TEST 투표 1'),
(6, 3, 'TEST 투표 2');


-- VOTE_INFO --
INSERT INTO vote_info (id, user_id, vote_id, user_type, has_select) VALUES
(1, 1, 1, 'CANDIDATE', FALSE),
(2, 2, 1, 'CANDIDATE', FALSE),
(3, 3, 1, 'CANDIDATE', FALSE),
(4, 4, 1, 'VOTER', FALSE),
(5, 5, 1, 'VOTER', FALSE),
(6, 6, 1, 'VOTER', FALSE),
(7, 7, 1, 'VOTER', FALSE),
(8, 8, 1, 'VOTER', FALSE),
(9, 9, 1, 'VOTER', FALSE),
(10, 10, 1, 'VOTER', FALSE),
(11, 11, 1, 'VOTER', FALSE),
(12, 12, 1, 'VOTER', FALSE),
(13, 13, 1, 'VOTER', FALSE),
(14, 14, 1, 'VOTER', FALSE),
(15, 15, 1, 'VOTER', FALSE),
(16, 16, 1, 'VOTER', FALSE),
(17, 17, 1, 'VOTER', FALSE),
(18, 18, 1, 'VOTER', FALSE),
(19, 19, 1, 'VOTER', FALSE),
(20, 20, 1, 'VOTER', FALSE),
(21, 21, 1, 'VOTER', FALSE),
(22, 22, 1, 'VOTER', FALSE),
(23, 23, 1, 'VOTER', FALSE),
(24, 24, 1, 'VOTER', FALSE),
(25, 25, 1, 'VOTER', FALSE),
(26, 26, 1, 'VOTER', FALSE),
(27, 27, 1, 'VOTER', FALSE),
(28, 28, 1, 'VOTER', FALSE),
(29, 29, 1, 'VOTER', FALSE),
(30, 30, 1, 'VOTER', FALSE),
(31, 31, 1, 'VOTER', FALSE),
(32, 32, 1, 'VOTER', FALSE),
(33, 33, 1, 'VOTER', FALSE),
(34, 34, 1, 'VOTER', FALSE),
(35, 35, 1, 'VOTER', FALSE),
(36, 36, 1, 'VOTER', FALSE),
(37, 37, 1, 'VOTER', FALSE),
(38, 38, 1, 'VOTER', FALSE),
(39, 39, 1, 'VOTER', FALSE),
(40, 40, 1, 'VOTER', FALSE),
(41, 41, 1, 'VOTER', FALSE),
(42, 42, 1, 'VOTER', FALSE),
(43, 43, 1, 'VOTER', FALSE),
(44, 44, 1, 'VOTER', FALSE),
(45, 45, 1, 'VOTER', FALSE),
(46, 46, 1, 'VOTER', FALSE),
(47, 47, 1, 'VOTER', FALSE),
(48, 48, 1, 'VOTER', FALSE),
(49, 49, 1, 'VOTER', FALSE),
(50, 50, 1, 'VOTER', FALSE);

INSERT INTO vote_info (id, user_id, vote_id, user_type, has_select) VALUES
(51, 1, 2, 'VOTER', FALSE),
(52, 2, 2, 'VOTER', FALSE),
(53, 3, 2, 'VOTER', FALSE),
(54, 4, 2, 'CANDIDATE', FALSE),
(55, 5, 2, 'CANDIDATE', FALSE),
(56, 6, 2, 'CANDIDATE', FALSE),
(57, 7, 2, 'VOTER', FALSE),
(58, 8, 2, 'VOTER', FALSE),
(59, 9, 2, 'VOTER', FALSE),
(60, 10, 2, 'VOTER', FALSE),
(61, 11, 2, 'VOTER', FALSE),
(62, 12, 2, 'VOTER', FALSE),
(63, 13, 2, 'VOTER', FALSE),
(64, 14, 2, 'VOTER', FALSE),
(65, 15, 2, 'VOTER', FALSE),
(66, 16, 2, 'VOTER', FALSE),
(67, 17, 2, 'VOTER', FALSE),
(68, 18, 2, 'VOTER', FALSE),
(69, 19, 2, 'VOTER', FALSE),
(70, 20, 2, 'VOTER', FALSE),
(71, 21, 2, 'VOTER', FALSE),
(72, 22, 2, 'VOTER', FALSE),
(73, 23, 2, 'VOTER', FALSE),
(74, 24, 2, 'VOTER', FALSE),
(75, 25, 2, 'VOTER', FALSE),
(76, 26, 2, 'VOTER', FALSE),
(77, 27, 2, 'VOTER', FALSE),
(78, 28, 2, 'VOTER', FALSE),
(79, 29, 2, 'VOTER', FALSE),
(80, 30, 2, 'VOTER', FALSE),
(81, 31, 2, 'VOTER', FALSE),
(82, 32, 2, 'VOTER', FALSE),
(83, 33, 2, 'VOTER', FALSE),
(84, 34, 2, 'VOTER', FALSE),
(85, 35, 2, 'VOTER', FALSE),
(86, 36, 2, 'VOTER', FALSE),
(87, 37, 2, 'VOTER', FALSE),
(88, 38, 2, 'VOTER', FALSE),
(89, 39, 2, 'VOTER', FALSE),
(90, 40, 2, 'VOTER', FALSE),
(91, 41, 2, 'VOTER', FALSE),
(92, 42, 2, 'VOTER', FALSE),
(93, 43, 2, 'VOTER', FALSE),
(94, 44, 2, 'VOTER', FALSE),
(95, 45, 2, 'VOTER', FALSE),
(96, 46, 2, 'VOTER', FALSE),
(97, 47, 2, 'VOTER', FALSE),
(98, 48, 2, 'VOTER', FALSE),
(99, 49, 2, 'VOTER', FALSE),
(100, 50, 2, 'VOTER', FALSE);




-- 3번 투표(회장)에 대한 투표 정보 (1-100번 유저)
INSERT INTO vote_info (id, user_id, vote_id, user_type, has_select) VALUES
(101, 4, 3, 'CANDIDATE', FALSE),
(102, 1, 3, 'CANDIDATE', FALSE),
(103, 2, 3, 'VOTER', FALSE),
(104, 3, 3, 'VOTER', FALSE),
(105, 5, 3, 'VOTER', FALSE),
(106, 6, 3, 'VOTER', FALSE),
(107, 7, 3, 'VOTER', FALSE),
(108, 8, 3, 'VOTER', FALSE),
(109, 9, 3, 'VOTER', FALSE),
(110, 10, 3, 'VOTER', FALSE),
(111, 11, 3, 'VOTER', FALSE),
(112, 12, 3, 'VOTER', FALSE),
(113, 13, 3, 'VOTER', FALSE),
(114, 14, 3, 'VOTER', FALSE),
(115, 15, 3, 'VOTER', FALSE),
(116, 16, 3, 'VOTER', FALSE),
(117, 17, 3, 'VOTER', FALSE),
(118, 18, 3, 'VOTER', FALSE),
(119, 19, 3, 'VOTER', FALSE),
(120, 20, 3, 'VOTER', FALSE),
(121, 21, 3, 'VOTER', FALSE),
(122, 22, 3, 'VOTER', FALSE),
(123, 23, 3, 'VOTER', FALSE),
(124, 24, 3, 'VOTER', FALSE),
(125, 25, 3, 'VOTER', FALSE),
(126, 26, 3, 'VOTER', FALSE),
(127, 27, 3, 'VOTER', FALSE),
(128, 28, 3, 'VOTER', FALSE),
(129, 29, 3, 'VOTER', FALSE),
(130, 30, 3, 'VOTER', FALSE),
(131, 31, 3, 'VOTER', FALSE),
(132, 32, 3, 'VOTER', FALSE),
(133, 33, 3, 'VOTER', FALSE),
(134, 34, 3, 'VOTER', FALSE),
(135, 35, 3, 'VOTER', FALSE),
(136, 36, 3, 'VOTER', FALSE),
(137, 37, 3, 'VOTER', FALSE),
(138, 38, 3, 'VOTER', FALSE),
(139, 39, 3, 'VOTER', FALSE),
(140, 40, 3, 'VOTER', FALSE),
(141, 41, 3, 'VOTER', FALSE),
(142, 42, 3, 'VOTER', FALSE),
(143, 43, 3, 'VOTER', FALSE),
(144, 44, 3, 'VOTER', FALSE),
(145, 45, 3, 'VOTER', FALSE),
(146, 46, 3, 'VOTER', FALSE),
(147, 47, 3, 'VOTER', FALSE),
(148, 48, 3, 'VOTER', FALSE),
(149, 49, 3, 'VOTER', FALSE),
(150, 50, 3, 'VOTER', FALSE),
(151, 51, 3, 'VOTER', FALSE),
(152, 52, 3, 'VOTER', FALSE),
(153, 53, 3, 'VOTER', FALSE),
(154, 54, 3, 'VOTER', FALSE),
(155, 55, 3, 'VOTER', FALSE),
(156, 56, 3, 'VOTER', FALSE),
(157, 57, 3, 'VOTER', FALSE),
(158, 58, 3, 'VOTER', FALSE),
(159, 59, 3, 'VOTER', FALSE),
(160, 60, 3, 'VOTER', FALSE),
(161, 61, 3, 'VOTER', FALSE),
(162, 62, 3, 'VOTER', FALSE),
(163, 63, 3, 'VOTER', FALSE),
(164, 64, 3, 'VOTER', FALSE),
(165, 65, 3, 'VOTER', FALSE),
(166, 66, 3, 'VOTER', FALSE),
(167, 67, 3, 'VOTER', FALSE),
(168, 68, 3, 'VOTER', FALSE),
(169, 69, 3, 'VOTER', FALSE),
(170, 70, 3, 'VOTER', FALSE),
(171, 71, 3, 'VOTER', FALSE),
(172, 72, 3, 'VOTER', FALSE),
(173, 73, 3, 'VOTER', FALSE),
(174, 74, 3, 'VOTER', FALSE),
(175, 75, 3, 'VOTER', FALSE),
(176, 76, 3, 'VOTER', FALSE),
(177, 77, 3, 'VOTER', FALSE),
(178, 78, 3, 'VOTER', FALSE),
(179, 79, 3, 'VOTER', FALSE),
(180, 80, 3, 'VOTER', FALSE),
(181, 81, 3, 'VOTER', FALSE),
(182, 82, 3, 'VOTER', FALSE),
(183, 83, 3, 'VOTER', FALSE),
(184, 84, 3, 'VOTER', FALSE),
(185, 85, 3, 'VOTER', FALSE),
(186, 86, 3, 'VOTER', FALSE),
(187, 87, 3, 'VOTER', FALSE),
(188, 88, 3, 'VOTER', FALSE),
(189, 89, 3, 'VOTER', FALSE),
(190, 90, 3, 'VOTER', FALSE),
(191, 91, 3, 'VOTER', FALSE),
(192, 92, 3, 'VOTER', FALSE),
(193, 93, 3, 'VOTER', FALSE),
(194, 94, 3, 'VOTER', FALSE),
(195, 95, 3, 'VOTER', FALSE),
(196, 96, 3, 'VOTER', FALSE),
(197, 97, 3, 'VOTER', FALSE),
(198, 98, 3, 'VOTER', FALSE),
(199, 99, 3, 'VOTER', FALSE),
(200, 100, 3, 'VOTER', FALSE);

INSERT INTO vote_info (id, user_id, vote_id, user_type, has_select) VALUES
(201, 2, 4, 'CANDIDATE', FALSE),
(202, 3, 4, 'CANDIDATE', FALSE),
(203, 6, 4, 'CANDIDATE', FALSE),
(204, 5, 4, 'CANDIDATE', FALSE),
(205, 1, 4, 'VOTER', FALSE),
(206, 4, 4, 'VOTER', FALSE),
(207, 7, 4, 'VOTER', FALSE),
(208, 8, 4, 'VOTER', FALSE),
(209, 9, 4, 'VOTER', FALSE),
(210, 10, 4, 'VOTER', FALSE),
(211, 11, 4, 'VOTER', FALSE),
(212, 12, 4, 'VOTER', FALSE),
(213, 13, 4, 'VOTER', FALSE),
(214, 14, 4, 'VOTER', FALSE),
(215, 15, 4, 'VOTER', FALSE),
(216, 16, 4, 'VOTER', FALSE),
(217, 17, 4, 'VOTER', FALSE),
(218, 18, 4, 'VOTER', FALSE),
(219, 19, 4, 'VOTER', FALSE),
(220, 20, 4, 'VOTER', FALSE),
(221, 21, 4, 'VOTER', FALSE),
(222, 22, 4, 'VOTER', FALSE),
(223, 23, 4, 'VOTER', FALSE),
(224, 24, 4, 'VOTER', FALSE),
(225, 25, 4, 'VOTER', FALSE),
(226, 26, 4, 'VOTER', FALSE),
(227, 27, 4, 'VOTER', FALSE),
(228, 28, 4, 'VOTER', FALSE),
(229, 29, 4, 'VOTER', FALSE),
(230, 30, 4, 'VOTER', FALSE),
(231, 31, 4, 'VOTER', FALSE),
(232, 32, 4, 'VOTER', FALSE),
(233, 33, 4, 'VOTER', FALSE),
(234, 34, 4, 'VOTER', FALSE),
(235, 35, 4, 'VOTER', FALSE),
(236, 36, 4, 'VOTER', FALSE),
(237, 37, 4, 'VOTER', FALSE),
(238, 38, 4, 'VOTER', FALSE),
(239, 39, 4, 'VOTER', FALSE),
(240, 40, 4, 'VOTER', FALSE),
(241, 41, 4, 'VOTER', FALSE),
(242, 42, 4, 'VOTER', FALSE),
(243, 43, 4, 'VOTER', FALSE),
(244, 44, 4, 'VOTER', FALSE),
(245, 45, 4, 'VOTER', FALSE),
(246, 46, 4, 'VOTER', FALSE),
(247, 47, 4, 'VOTER', FALSE),
(248, 48, 4, 'VOTER', FALSE),
(249, 49, 4, 'VOTER', FALSE),
(250, 50, 4, 'VOTER', FALSE),
(251, 51, 4, 'VOTER', FALSE),
(252, 52, 4, 'VOTER', FALSE),
(253, 53, 4, 'VOTER', FALSE),
(254, 54, 4, 'VOTER', FALSE),
(255, 55, 4, 'VOTER', FALSE),
(256, 56, 4, 'VOTER', FALSE),
(257, 57, 4, 'VOTER', FALSE),
(258, 58, 4, 'VOTER', FALSE),
(259, 59, 4, 'VOTER', FALSE),
(260, 60, 4, 'VOTER', FALSE),
(261, 61, 4, 'VOTER', FALSE),
(262, 62, 4, 'VOTER', FALSE),
(263, 63, 4, 'VOTER', FALSE),
(264, 64, 4, 'VOTER', FALSE),
(265, 65, 4, 'VOTER', FALSE),
(266, 66, 4, 'VOTER', FALSE),
(267, 67, 4, 'VOTER', FALSE),
(268, 68, 4, 'VOTER', FALSE),
(269, 69, 4, 'VOTER', FALSE),
(270, 70, 4, 'VOTER', FALSE),
(271, 71, 4, 'VOTER', FALSE),
(272, 72, 4, 'VOTER', FALSE),
(273, 73, 4, 'VOTER', FALSE),
(274, 74, 4, 'VOTER', FALSE),
(275, 75, 4, 'VOTER', FALSE),
(276, 76, 4, 'VOTER', FALSE),
(277, 77, 4, 'VOTER', FALSE),
(278, 78, 4, 'VOTER', FALSE),
(279, 79, 4, 'VOTER', FALSE),
(280, 80, 4, 'VOTER', FALSE),
(281, 81, 4, 'VOTER', FALSE),
(282, 82, 4, 'VOTER', FALSE),
(283, 83, 4, 'VOTER', FALSE),
(284, 84, 4, 'VOTER', FALSE),
(285, 85, 4, 'VOTER', FALSE),
(286, 86, 4, 'VOTER', FALSE),
(287, 87, 4, 'VOTER', FALSE),
(288, 88, 4, 'VOTER', FALSE),
(289, 89, 4, 'VOTER', FALSE),
(290, 90, 4, 'VOTER', FALSE),
(291, 91, 4, 'VOTER', FALSE),
(292, 92, 4, 'VOTER', FALSE),
(293, 93, 4, 'VOTER', FALSE),
(294, 94, 4, 'VOTER', FALSE),
(295, 95, 4, 'VOTER', FALSE),
(296, 96, 4, 'VOTER', FALSE),
(297, 97, 4, 'VOTER', FALSE),
(298, 98, 4, 'VOTER', FALSE),
(299, 99, 4, 'VOTER', FALSE),
(300, 100, 4, 'VOTER', FALSE);

-- VOTE_INFO -=
INSERT INTO vote_info (id, user_id, vote_id, user_type, has_select) VALUES
(301, 7, 5, 'CANDIDATE', FALSE),
(302, 8, 5, 'CANDIDATE', FALSE),
(303, 9, 5, 'CANDIDATE', FALSE),
(304, 10, 5, 'CANDIDATE', FALSE),
(305, 1, 5, 'VOTER', FALSE),
(306, 2, 5, 'VOTER', FALSE),
(307, 3, 5, 'VOTER', FALSE),
(308, 4, 5, 'VOTER', FALSE),
(309, 5, 5, 'VOTER', FALSE),
(310, 6, 5, 'VOTER', FALSE),
(311, 11, 5, 'VOTER', FALSE),
(312, 12, 5, 'VOTER', FALSE),
(313, 13, 5, 'VOTER', FALSE),
(314, 14, 5, 'VOTER', FALSE),
(315, 15, 5, 'VOTER', FALSE),
(316, 16, 5, 'VOTER', FALSE),
(317, 17, 5, 'VOTER', FALSE),
(318, 18, 5, 'VOTER', FALSE),
(319, 19, 5, 'VOTER', FALSE),
(320, 20, 5, 'VOTER', FALSE),
(321, 21, 5, 'VOTER', FALSE),
(322, 22, 5, 'VOTER', FALSE),
(323, 23, 5, 'VOTER', FALSE),
(324, 24, 5, 'VOTER', FALSE),
(325, 25, 5, 'VOTER', FALSE),
(326, 26, 5, 'VOTER', FALSE),
(327, 27, 5, 'VOTER', FALSE),
(328, 28, 5, 'VOTER', FALSE),
(329, 29, 5, 'VOTER', FALSE),
(330, 30, 5, 'VOTER', FALSE),
(331, 31, 5, 'VOTER', FALSE),
(332, 32, 5, 'VOTER', FALSE),
(333, 33, 5, 'VOTER', FALSE),
(334, 34, 5, 'VOTER', FALSE),
(335, 35, 5, 'VOTER', FALSE),
(336, 36, 5, 'VOTER', FALSE),
(337, 37, 5, 'VOTER', FALSE),
(338, 38, 5, 'VOTER', FALSE),
(339, 39, 5, 'VOTER', FALSE),
(340, 40, 5, 'VOTER', FALSE),
(341, 41, 5, 'VOTER', FALSE),
(342, 42, 5, 'VOTER', FALSE),
(343, 43, 5, 'VOTER', FALSE),
(344, 44, 5, 'VOTER', FALSE),
(345, 45, 5, 'VOTER', FALSE),
(346, 46, 5, 'VOTER', FALSE),
(347, 47, 5, 'VOTER', FALSE),
(348, 48, 5, 'VOTER', FALSE),
(349, 49, 5, 'VOTER', FALSE),
(350, 50, 5, 'VOTER', FALSE),
(351, 51, 5, 'VOTER', FALSE),
(352, 52, 5, 'VOTER', FALSE),
(353, 53, 5, 'VOTER', FALSE),
(354, 54, 5, 'VOTER', FALSE),
(355, 55, 5, 'VOTER', FALSE),
(356, 56, 5, 'VOTER', FALSE),
(357, 57, 5, 'VOTER', FALSE),
(358, 58, 5, 'VOTER', FALSE),
(359, 59, 5, 'VOTER', FALSE),
(360, 60, 5, 'VOTER', FALSE),
(361, 61, 5, 'VOTER', FALSE),
(362, 62, 5, 'VOTER', FALSE),
(363, 63, 5, 'VOTER', FALSE),
(364, 64, 5, 'VOTER', FALSE),
(365, 65, 5, 'VOTER', FALSE),
(366, 66, 5, 'VOTER', FALSE),
(367, 67, 5, 'VOTER', FALSE),
(368, 68, 5, 'VOTER', FALSE),
(369, 69, 5, 'VOTER', FALSE),
(370, 70, 5, 'VOTER', FALSE),
(371, 71, 5, 'VOTER', FALSE),
(372, 72, 5, 'VOTER', FALSE),
(373, 73, 5, 'VOTER', FALSE),
(374, 74, 5, 'VOTER', FALSE),
(375, 75, 5, 'VOTER', FALSE),
(376, 76, 5, 'VOTER', FALSE),
(377, 77, 5, 'VOTER', FALSE),
(378, 78, 5, 'VOTER', FALSE),
(379, 79, 5, 'VOTER', FALSE),
(380, 80, 5, 'VOTER', FALSE),
(381, 81, 5, 'VOTER', FALSE),
(382, 82, 5, 'VOTER', FALSE),
(383, 83, 5, 'VOTER', FALSE),
(384, 84, 5, 'VOTER', FALSE),
(385, 85, 5, 'VOTER', FALSE),
(386, 86, 5, 'VOTER', FALSE),
(387, 87, 5, 'VOTER', FALSE),
(388, 88, 5, 'VOTER', FALSE),
(389, 89, 5, 'VOTER', FALSE),
(390, 90, 5, 'VOTER', FALSE),
(391, 91, 5, 'VOTER', FALSE),
(392, 92, 5, 'VOTER', FALSE),
(393, 93, 5, 'VOTER', FALSE),
(394, 94, 5, 'VOTER', FALSE),
(395, 95, 5, 'VOTER', FALSE),
(396, 96, 5, 'VOTER', FALSE),
(397, 97, 5, 'VOTER', FALSE),
(398, 98, 5, 'VOTER', FALSE),
(399, 99, 5, 'VOTER', FALSE),
(400, 100, 5, 'VOTER', FALSE);

-- VOTE_INFO --
INSERT INTO vote_info (id, user_id, vote_id, user_type, has_select) VALUES
(401, 11, 6, 'CANDIDATE', FALSE),
(402, 12, 6, 'CANDIDATE', FALSE),
(403, 13, 6, 'CANDIDATE', FALSE),
(404, 14, 6, 'CANDIDATE', FALSE),
(405, 1, 6, 'VOTER', FALSE),
(406, 2, 6, 'VOTER', FALSE),
(407, 3, 6, 'VOTER', FALSE),
(408, 4, 6, 'VOTER', FALSE),
(409, 5, 6, 'VOTER', FALSE),
(410, 6, 6, 'VOTER', FALSE),
(411, 7, 6, 'VOTER', FALSE),
(412, 8, 6, 'VOTER', FALSE),
(413, 9, 6, 'VOTER', FALSE),
(414, 10, 6, 'VOTER', FALSE),
(415, 15, 6, 'VOTER', FALSE),
(416, 16, 6, 'VOTER', FALSE),
(417, 17, 6, 'VOTER', FALSE),
(418, 18, 6, 'VOTER', FALSE),
(419, 19, 6, 'VOTER', FALSE),
(420, 20, 6, 'VOTER', FALSE),
(421, 21, 6, 'VOTER', FALSE),
(422, 22, 6, 'VOTER', FALSE),
(423, 23, 6, 'VOTER', FALSE),
(424, 24, 6, 'VOTER', FALSE),
(425, 25, 6, 'VOTER', FALSE),
(426, 26, 6, 'VOTER', FALSE),
(427, 27, 6, 'VOTER', FALSE),
(428, 28, 6, 'VOTER', FALSE),
(429, 29, 6, 'VOTER', FALSE),
(430, 30, 6, 'VOTER', FALSE),
(431, 31, 6, 'VOTER', FALSE),
(432, 32, 6, 'VOTER', FALSE),
(433, 33, 6, 'VOTER', FALSE),
(434, 34, 6, 'VOTER', FALSE),
(435, 35, 6, 'VOTER', FALSE),
(436, 36, 6, 'VOTER', FALSE),
(437, 37, 6, 'VOTER', FALSE),
(438, 38, 6, 'VOTER', FALSE),
(439, 39, 6, 'VOTER', FALSE),
(440, 40, 6, 'VOTER', FALSE),
(441, 41, 6, 'VOTER', FALSE),
(442, 42, 6, 'VOTER', FALSE),
(443, 43, 6, 'VOTER', FALSE),
(444, 44, 6, 'VOTER', FALSE),
(445, 45, 6, 'VOTER', FALSE),
(446, 46, 6, 'VOTER', FALSE),
(447, 47, 6, 'VOTER', FALSE),
(448, 48, 6, 'VOTER', FALSE),
(449, 49, 6, 'VOTER', FALSE),
(450, 50, 6, 'VOTER', FALSE),
(451, 51, 6, 'VOTER', FALSE),
(452, 52, 6, 'VOTER', FALSE),
(453, 53, 6, 'VOTER', FALSE),
(454, 54, 6, 'VOTER', FALSE),
(455, 55, 6, 'VOTER', FALSE),
(456, 56, 6, 'VOTER', FALSE),
(457, 57, 6, 'VOTER', FALSE),
(458, 58, 6, 'VOTER', FALSE),
(459, 59, 6, 'VOTER', FALSE),
(460, 60, 6, 'VOTER', FALSE),
(461, 61, 6, 'VOTER', FALSE),
(462, 62, 6, 'VOTER', FALSE),
(463, 63, 6, 'VOTER', FALSE),
(464, 64, 6, 'VOTER', FALSE),
(465, 65, 6, 'VOTER', FALSE),
(466, 66, 6, 'VOTER', FALSE),
(467, 67, 6, 'VOTER', FALSE),
(468, 68, 6, 'VOTER', FALSE),
(469, 69, 6, 'VOTER', FALSE),
(470, 70, 6, 'VOTER', FALSE),
(471, 71, 6, 'VOTER', FALSE),
(472, 72, 6, 'VOTER', FALSE),
(473, 73, 6, 'VOTER', FALSE),
(474, 74, 6, 'VOTER', FALSE),
(475, 75, 6, 'VOTER', FALSE),
(476, 76, 6, 'VOTER', FALSE),
(477, 77, 6, 'VOTER', FALSE),
(478, 78, 6, 'VOTER', FALSE),
(479, 79, 6, 'VOTER', FALSE),
(480, 80, 6, 'VOTER', FALSE),
(481, 81, 6, 'VOTER', FALSE),
(482, 82, 6, 'VOTER', FALSE),
(483, 83, 6, 'VOTER', FALSE),
(484, 84, 6, 'VOTER', FALSE),
(485, 85, 6, 'VOTER', FALSE),
(486, 86, 6, 'VOTER', FALSE),
(487, 87, 6, 'VOTER', FALSE),
(488, 88, 6, 'VOTER', FALSE),
(489, 89, 6, 'VOTER', FALSE),
(490, 90, 6, 'VOTER', FALSE),
(491, 91, 6, 'VOTER', FALSE),
(492, 92, 6, 'VOTER', FALSE),
(493, 93, 6, 'VOTER', FALSE),
(494, 94, 6, 'VOTER', FALSE),
(495, 95, 6, 'VOTER', FALSE),
(496, 96, 6, 'VOTER', FALSE),
(497, 97, 6, 'VOTER', FALSE),
(498, 98, 6, 'VOTER', FALSE),
(499, 99, 6, 'VOTER', FALSE),
(500, 100, 6, 'VOTER', FALSE);

-- VOTE_TEAM --
INSERT INTO vote_team (id, vote_id, candidate_statement, poster, prefix, poll_cnt) VALUES
(1, 1, '팀 1 공약', 'poster_url_1', '기호 1번', 0),
(2, 1, '팀 2 공약', 'poster_url_2', '기호 2번', 0),
(3, 1, '팀 3 공약', 'poster_url_3', '기호 3번', 0),
(4, 2, '팀 4 공약', 'poster_url_4', '기호 1번', 0),
(5, 2, '팀 5 공약', 'poster_url_5', '기호 2번', 0),
(6, 2, '팀 6 공약', 'poster_url_6', '기호 3번', 0),
(7, 3, '팀 7 공약', 'poster_url_7', '기호 1번', 0),
(8, 3, '팀 8 공약', 'poster_url_8', '기호 2번', 0),
(9, 4, '팀 9 공약', 'poster_url_9', '기호 1번', 0),
(10, 4, '팀 10 공약', 'poster_url_10', '기호 2번', 0),
(11, 4, '팀 11 공약', 'poster_url_11', '기호 3번', 0),
(12, 4, '팀 12 공약', 'poster_url_12', '기호 4번', 0),
(13, 5, '팀 13 공약', 'poster_url_13', '기호 1번', 0),
(14, 5, '팀 14 공약', 'poster_url_14', '기호 2번', 0),
(15, 6, '팀 15 공약', 'poster_url_15', '기호 1번', 0),
(16, 6, '팀 16 공약', 'poster_url_16', '기호 2번', 0);


-- CANDIDATE --
INSERT INTO candidate (id, user_id, vote_team_id) VALUES
(1, 1, 1),  -- 강성엽
(2, 2, 2),  -- 황연주
(3, 3, 3),  -- 김선명
(4, 4, 4),  -- 최효재
(5, 5, 5),  -- 황규현
(6, 6, 6),  -- 이동영
(7, 4, 7),  -- 최효제
(8, 1, 8),  -- 강성엽
(9, 2, 9),  -- 황연주
(10, 3, 10), -- 김선명
(11, 6, 11), -- 이동영
(12, 5, 12), -- 황규현
(13, 7, 13), -- TEST 후보 1
(14, 8, 13), -- TEST 후보 2
(15, 9, 14), -- TEST 후보 3
(16, 10, 14), -- TEST 후보 4
(17, 11, 15), -- TEST 후보 5
(18, 12, 15), -- TEST 후보 6
(19, 13, 16), -- TEST 후보 7
(20, 14, 16); -- TEST 후보 8

-- ANIMAL --
INSERT INTO animal (id, animal_name)
VALUES (1, '사자');
INSERT INTO animal (id, animal_name)
VALUES (2, '호랑이');
INSERT INTO animal (id, animal_name)
VALUES (3, '코끼리');
INSERT INTO animal (id, animal_name)
VALUES (4, '기린');
INSERT INTO animal (id, animal_name)
VALUES (5, '여우');
INSERT INTO animal (id, animal_name)
VALUES (6, '늑대');
INSERT INTO animal (id, animal_name)
VALUES (7, '판다');
INSERT INTO animal (id, animal_name)
VALUES (8, '캥거루');
INSERT INTO animal (id, animal_name)
VALUES (9, '고양이');
INSERT INTO animal (id, animal_name)
VALUES (10, '강아지');
INSERT INTO animal (id, animal_name)
VALUES (11, '곰');
INSERT INTO animal (id, animal_name)
VALUES (12, '치타');
INSERT INTO animal (id, animal_name)
VALUES (13, '다람쥐');
INSERT INTO animal (id, animal_name)
VALUES (14, '토끼');
INSERT INTO animal (id, animal_name)
VALUES (15, '오리');
INSERT INTO animal (id, animal_name)
VALUES (16, '독수리');
INSERT INTO animal (id, animal_name)
VALUES (17, '부엉이');
INSERT INTO animal (id, animal_name)
VALUES (18, '참새');
INSERT INTO animal (id, animal_name)
VALUES (19, '까마귀');
INSERT INTO animal (id, animal_name)
VALUES (20, '돼지');
INSERT INTO animal (id, animal_name)
VALUES (21, '닭');
INSERT INTO animal (id, animal_name)
VALUES (22, '양');
INSERT INTO animal (id, animal_name)
VALUES (23, '염소');
INSERT INTO animal (id, animal_name)
VALUES (24, '소');
INSERT INTO animal (id, animal_name)
VALUES (25, '말');
INSERT INTO animal (id, animal_name)
VALUES (26, '고래');
INSERT INTO animal (id, animal_name)
VALUES (27, '돌고래');
INSERT INTO animal (id, animal_name)
VALUES (28, '상어');
INSERT INTO animal (id, animal_name)
VALUES (29, '문어');
INSERT INTO animal (id, animal_name)
VALUES (30, '코알라');
INSERT INTO animal (id, animal_name)
VALUES (31, '하마');
INSERT INTO animal (id, animal_name)
VALUES (32, '악어');
INSERT INTO animal (id, animal_name)
VALUES (33, '오랑우탄');
INSERT INTO animal (id, animal_name)
VALUES (34, '고슴도치');
INSERT INTO animal (id, animal_name)
VALUES (35, '말미잘');
INSERT INTO animal (id, animal_name)
VALUES (36, '해파리');
INSERT INTO animal (id, animal_name)
VALUES (37, '복어');
INSERT INTO animal (id, animal_name)
VALUES (38, '미어캣');
INSERT INTO animal (id, animal_name)
VALUES (39, '스컹크');
INSERT INTO animal (id, animal_name)
VALUES (40, '두더지');
INSERT INTO animal (id, animal_name)
VALUES (41, '개구리');
INSERT INTO animal (id, animal_name)
VALUES (42, '물개');
INSERT INTO animal (id, animal_name)
VALUES (43, '펭귄');
INSERT INTO animal (id, animal_name)
VALUES (44, '타조');
INSERT INTO animal (id, animal_name)
VALUES (45, '물소');
INSERT INTO animal (id, animal_name)
VALUES (46, '카멜레온');
INSERT INTO animal (id, animal_name)
VALUES (47, '앵무새');
INSERT INTO animal (id, animal_name)
VALUES (48, '비버');
INSERT INTO animal (id, animal_name)
VALUES (49, '플라밍고');
INSERT INTO animal (id, animal_name)
VALUES (50, '나비');

-- ATTRIBUTE --
INSERT INTO attribute (id, describing)
VALUES (1, '활발한');
INSERT INTO attribute (id, describing)
VALUES (2, '조용한');
INSERT INTO attribute (id, describing)
VALUES (3, '날렵한');
INSERT INTO attribute (id, describing)
VALUES (4, '느긋한');
INSERT INTO attribute (id, describing)
VALUES (5, '영리한');
INSERT INTO attribute (id, describing)
VALUES (6, '강인한');
INSERT INTO attribute (id, describing)
VALUES (7, '귀여운');
INSERT INTO attribute (id, describing)
VALUES (8, '호기심 많은');
INSERT INTO attribute (id, describing)
VALUES (9, '침착한');
INSERT INTO attribute (id, describing)
VALUES (10, '용감한');
INSERT INTO attribute (id, describing)
VALUES (11, '민첩한');
INSERT INTO attribute (id, describing)
VALUES (12, '우아한');
INSERT INTO attribute (id, describing)
VALUES (13, '사나운');
INSERT INTO attribute (id, describing)
VALUES (14, '평화로운');
INSERT INTO attribute (id, describing)
VALUES (15, '똑똑한');
INSERT INTO attribute (id, describing)
VALUES (16, '장난스러운');
INSERT INTO attribute (id, describing)
VALUES (17, '온순한');
INSERT INTO attribute (id, describing)
VALUES (18, '끈질긴');
INSERT INTO attribute (id, describing)
VALUES (19, '강렬한');
INSERT INTO attribute (id, describing)
VALUES (20, '예민한');
INSERT INTO attribute (id, describing)
VALUES (21, '활기찬');
INSERT INTO attribute (id, describing)
VALUES (22, '고요한');
INSERT INTO attribute (id, describing)
VALUES (23, '튼튼한');
INSERT INTO attribute (id, describing)
VALUES (24, '재빠른');
INSERT INTO attribute (id, describing)
VALUES (25, '유연한');
INSERT INTO attribute (id, describing)
VALUES (26, '거대한');
INSERT INTO attribute (id, describing)
VALUES (27, '작은');
INSERT INTO attribute (id, describing)
VALUES (28, '느린');
INSERT INTO attribute (id, describing)
VALUES (29, '영롱한');
INSERT INTO attribute (id, describing)
VALUES (30, '화려한');
INSERT INTO attribute (id, describing)
VALUES (31, '힘센');
INSERT INTO attribute (id, describing)
VALUES (32, '부드러운');
INSERT INTO attribute (id, describing)
VALUES (33, '차가운');
INSERT INTO attribute (id, describing)
VALUES (34, '따뜻한');
INSERT INTO attribute (id, describing)
VALUES (35, '무서운');
INSERT INTO attribute (id, describing)
VALUES (36, '사랑스러운');
INSERT INTO attribute (id, describing)
VALUES (37, '영웅적인');
INSERT INTO attribute (id, describing)
VALUES (38, '친근한');
INSERT INTO attribute (id, describing)
VALUES (39, '신비로운');
INSERT INTO attribute (id, describing)
VALUES (40, '매혹적인');
INSERT INTO attribute (id, describing)
VALUES (41, '단단한');
INSERT INTO attribute (id, describing)
VALUES (42, '섬세한');
INSERT INTO attribute (id, describing)
VALUES (43, '정직한');
INSERT INTO attribute (id, describing)
VALUES (44, '우스꽝스러운');
INSERT INTO attribute (id, describing)
VALUES (45, '풍부한');
INSERT INTO attribute (id, describing)
VALUES (46, '독특한');
INSERT INTO attribute (id, describing)
VALUES (47, '탄력적인');
INSERT INTO attribute (id, describing)
VALUES (48, '미끄러운');
INSERT INTO attribute (id, describing)
VALUES (49, '활기넘치는');
INSERT INTO attribute (id, describing)
VALUES (50, '대담한');